primeiro_nome,sobrenome,email,idade,genero,username,password
Keira, Jackson, keira.jackson@example.com, 39, female, goldenlion148, pulsar
Sami, Reber, sami.reber@example.com, 33, male, bluetiger231, cascade
Deniz, Erez, deniz.erez@example.com, 70, male, orangeostrich979, werewolf
Önal, Tunçeri, onal.tunceri@example.com, 29, male, biggorilla331, hardon
Simon, Novak, simon.novak@example.com, 32, male, blackpanda380, merlin1
Marcus, Johansen, marcus.johansen@example.com, 51, male, orangeladybug945, labia
Charline, Charles, charline.charles@example.com, 42, female, ticklishcat742, katrina
Sonia, Overdijk, sonia.overdijk@example.com, 44, female, brownostrich336, bcfields
Zoey, Sanchez, zoey.sanchez@example.com, 64, female, heavysnake882, duster
Burkard, Grätz, burkard.gratz@example.com, 41, male, blackleopard884, redwings
Felix, Olsen, felix.olsen@example.com, 63, male, lazygoose408, shaolin
Dulcínio, da Luz, dulcinio.daluz@example.com, 30, male, lazydog437, phoebe
فاطمه, کوتی, ftmh.khwty@example.com, 36, female, silverelephant873, texas
Phoebe, Harris, phoebe.harris@example.com, 52, female, bluebutterfly417, sparta
Phoebe, Elliott, phoebe.elliott@example.com, 35, female, sadswan726, smoking
Mehmet, Akay, mehmet.akay@example.com, 64, male, lazybear206, clippers
Ruthild, Lüth, ruthild.luth@example.com, 32, female, beautifulladybug724, kenwood
Francisco, Vicente, francisco.vicente@example.com, 70, male, goldenfrog118, scxakv
پرهام, رضایی, prhm.rdyy@example.com, 47, male, goldenswan847, skibum
